<?xml version="1.0" encoding="UTF-8" ?>
<!DOCTYPE struts PUBLIC "-//Apache Software Foundation//DTD Struts Configuration 2.1//EN" "http://struts.apache.org/dtds/struts-2.1.dtd">
<struts>

<constant name="struts.devMode" value="true"></constant>

<package name="abc" extends="struts-default" >

<action name="loginform">
<result>login.jsp</result>
</action>

<action name="login" class="com.javatpoint.Login" method="execute">
<result name="success">/login-success.jsp</result>
<result name="login">/login-error.jsp</result>
</action>

<action name="logout" class="com.javatpoint.Login" method="logout">
<result name="success">/logout-success.jsp</result>
</action>
 
 <action name="profile" class="com.javatpoint.Profile" method="execute">
<result name="success">/profile-success.jsp</result>
<result name="login">/profile-error.jsp</result>
</action>
</package>
</struts>    
